insert into apoderado values 
('14.875.455-1', 'Carmelita Bardell', 'cbardell0@wordpress.com'),
('13.241.197-2', 'Craggy Gozzett', 'cgozzett1@dell.com'),
('15.296.724-1', 'Hilliary Juppe', 'hjuppe2@exblog.jp'),
('12.134.889-6', 'Galvin Glamart', 'gglamart3@vistaprint.com'),
('14.437.917-9', 'Keen Cruikshanks', 'kcruikshanks4@intel.com'),
('13.299.476-5', 'Laurie Smelley', 'lsmelley5@privacy.gov.au'),
('10.870.339-3', 'Herminia O''Crevan', 'hocrevan6@taobao.com'),
('11.697.141-0', 'Amory Hurdle', 'ahurdle7@qq.com'),
('12.627.691-5', 'Hedwig Kivelhan', 'hkivelhan8@jimdo.com'),
('10.492.024-8', 'Kathi Balshaw', 'kbalshaw9@narod.ru'),
('12.539.013-7', 'Padget Bransdon', 'pbransdona@stumbleupon.com'),
('14.239.924-5', 'Dallon McKnish', 'dmcknishb@yale.edu'),
('10.469.191-9', 'Veriee Escale', 'vescalec@uol.com.br'),
('12.576.207-7', 'Vladimir Laurentino', 'vlaurentinod@homestead.com'),
('15.372.911-5', 'Viola Van Leijs', 'vvane@smh.com.au'),
('13.007.123-6', 'Langston Frew', 'lfrewf@lulu.com'),
('14.515.821-4', 'Parnell Dagnall', 'pdagnallg@sourceforge.net'),
('12.676.089-2', 'Clarie Ollett', 'colletth@t-online.de'),
('14.196.535-2', 'Jerrilyn Colquyte', 'jcolquytei@cmu.edu'),
('15.628.960-4', 'Dante Maffy', 'dmaffyj@shareasale.com'),
('10.131.180-5', 'Katheryn Heathcote', 'kheathcotek@canalblog.com'),
('13.103.994-8', 'Chaddie Prendeville', 'cprendevillel@facebook.com'),
('14.933.780-6', 'Ingemar Hecks', 'ihecksm@woothemes.com'),
('11.469.532-7', 'Floris Hamm', 'fhammn@g.co'),
('12.067.714-4', 'Marney Warland', 'mwarlando@wix.com'),
('10.786.333-8', 'Hendrika Gatecliffe', 'hgatecliffep@google.pl'),
('12.717.500-4', 'Claire Patullo', 'cpatulloq@51.la'),
('13.940.835-7', 'Gardener Snary', 'gsnaryr@oakley.com'),
('13.023.765-7', 'Perry McPaik', 'pmcpaiks@washington.edu'),
('13.814.148-9', 'Dreddy Giacoppo', 'dgiacoppot@msu.edu'),
('10.469.564-7', 'Glennis Kalderon', 'gkalderonu@nyu.edu'),
('11.649.969-K', 'Berkie Sisley', 'bsisleyv@ft.com'),
('10.005.537-6', 'Desi Rosgen', 'drosgenw@engadget.com'),
('11.350.461-7', 'Marty Inker', 'minkerx@plala.or.jp'),
('13.679.504-K', 'Cammy Felstead', 'cfelsteady@woothemes.com'),
('10.691.105-3', 'Timmy Gibbett', 'tgibbettz@istockphoto.com'),
('15.577.291-3', 'Carroll Adamczewski', 'cadamczewski10@netscape.com'),
('15.112.771-1', 'Antonino Itzak', 'aitzak11@columbia.edu'),
('12.651.393-3', 'Kristen Rides', 'krides12@shinystat.com'),
('12.252.088-9', 'Kata Laffoley-Lane', 'klaffoleylane13@artisteer.com'),
('14.218.666-7', 'Tye Mathan', 'tmathan14@eventbrite.com'),
('10.536.778-3', 'Helsa Hay', 'hhay15@wisc.edu'),
('14.190.446-9', 'Kienan Leitch', 'kleitch16@globo.com'),
('12.344.788-3', 'Madonna Whitely', 'mwhitely17@yolasite.com'),
('11.449.463-1', 'Ciro Beall', 'cbeall18@cnbc.com'),
('13.610.416-0', 'Gayler Amiranda', 'gamiranda19@marriott.com'),
('13.101.074-5', 'Ray Roscher', 'rroscher1a@arstechnica.com'),
('13.492.710-0', 'Margit Leedes', 'mleedes1b@a8.net'),
('13.512.498-2', 'Kirbee Starton', 'kstarton1c@surveymonkey.com'),
('10.012.199-9', 'Jens Derrett', 'jderrett1d@bloglines.com'),
('14.400.269-5', 'Brice Keems', 'bkeems1e@mayoclinic.com'),
('15.782.773-1', 'Forest Warcop', 'fwarcop1f@msu.edu'),
('14.842.818-2', 'Hyacinthia Kabsch', 'hkabsch1g@howstuffworks.com'),
('10.432.865-2', 'Nari Moatt', 'nmoatt1h@state.tx.us'),
('13.839.680-0', 'Gianni Varley', 'gvarley1i@friendfeed.com'),
('14.995.764-2', 'Teddie Pryce', 'tpryce1j@oracle.com'),
('13.201.738-7', 'Brennan Davids', 'bdavids1k@guardian.co.uk'),
('14.446.561-K', 'Jameson Galloway', 'jgalloway1l@domainmarket.com'),
('13.862.398-K', 'Judon Dillestone', 'jdillestone1m@wunderground.com'),
('12.373.282-0', 'Nikita Mergue', 'nmergue1n@linkedin.com'),
('11.167.735-2', 'Genevieve Screach', 'gscreach1o@soup.io'),
('14.527.543-1', 'Ilka Paskins', 'ipaskins1p@cornell.edu'),
('13.427.068-3', 'Beth Haburne', 'bhaburne1q@gnu.org'),
('10.615.577-1', 'Rolfe Faires', 'rfaires1r@acquirethisname.com'),
('11.621.348-6', 'Juliane Brahmer', 'jbrahmer1s@google.com.au'),
('13.311.371-1', 'Killy Wraith', 'kwraith1t@ihg.com'),
('13.756.507-2', 'Davide Crevagh', 'dcrevagh1u@china.com.cn'),
('11.158.779-5', 'Grata Jerrold', 'gjerrold1v@w3.org'),
('13.868.776-7', 'Constantine Leatherborrow', 'cleatherborrow1w@gnu.org'),
('15.552.161-9', 'Edeline Itzhak', 'eitzhak1x@jimdo.com'),
('12.328.984-6', 'Prudence Biggen', 'pbiggen1y@mail.ru'),
('11.334.697-3', 'Amity MacGowing', 'amacgowing1z@oracle.com'),
('10.289.246-1', 'Teodora Clampton', 'tclampton20@netvibes.com'),
('13.991.465-1', 'Ollie Drohun', 'odrohun21@networksolutions.com'),
('14.866.076-K', 'Athena Hance', 'ahance22@dailymail.co.uk'),
('11.806.952-8', 'Hewet McCarthy', 'hmccarthy23@patch.com'),
('12.711.569-9', 'Toma Eberz', 'teberz24@quantcast.com'),
('13.144.924-0', 'Tan Kurtis', 'tkurtis25@harvard.edu'),
('13.322.535-8', 'Aleksandr Bigmore', 'abigmore26@bing.com'),
('11.261.518-0', 'Roi Shapero', 'rshapero27@google.com.br'),
('14.675.509-7', 'Catherine Lorentzen', 'clorentzen28@hatena.ne.jp'),
('15.495.973-4', 'Florina Sarjant', 'fsarjant29@google.co.jp'),
('13.797.361-8', 'Lucy Valentim', 'lvalentim2a@parallels.com'),
('10.817.831-0', 'Skyler Leary', 'sleary2b@flavors.me'),
('10.589.557-7', 'Franky McHugh', 'fmchugh2c@geocities.jp'),
('11.302.932-3', 'Minnaminnie Gerckens', 'mgerckens2d@scientificamerican.com'),
('13.121.457-K', 'Morly Bacchus', 'mbacchus2e@sciencedirect.com'),
('11.750.756-4', 'Thia Suero', 'tsuero2f@omniture.com'),
('14.004.677-9', 'Cary Grieger', 'cgrieger2g@ihg.com'),
('14.290.557-4', 'Ulises Birchenough', 'ubirchenough2h@europa.eu'),
('13.430.033-7', 'Blinni Kime', 'bkime2i@instagram.com'),
('11.060.797-0', 'Rodger Masterton', 'rmasterton2j@1688.com'),
('11.506.242-5', 'Florette Cabbell', 'fcabbell2k@weebly.com'),
('13.613.157-5', 'Adiana Pughsley', 'apughsley2l@webs.com'),
('11.758.486-0', 'Helen Lumsdale', 'hlumsdale2m@aboutads.info'),
('11.170.247-0', 'Patten Rosenfeld', 'prosenfeld2n@ebay.co.uk'),
('13.336.542-7', 'Levon Dupree', 'ldupree2o@wired.com'),
('12.298.313-7', 'Gael Prozescky', 'gprozescky2p@simplemachines.org'),
('13.636.732-3', 'Stevy Stowte', 'sstowte2q@google.com.au'),
('14.064.229-0', 'Suzanna Ruffell', 'sruffell2r@rambler.ru');



insert into profesor values
 ('10.949.139-K', 'Lissi Ingon', 'lingon0@tinyurl.com'),
 ('14.050.966-3', 'Maurizio Cejka', 'mcejka1@senate.gov'),
 ('15.626.946-8', 'Cal Guiu', 'cguiu2@edublogs.org'),
 ('16.099.703-6', 'Cora Ellaman', 'cellaman3@4shared.com'),
 ('15.720.336-3', 'Travers Colbert', 'tcolbert4@printfriendly.com'),
 ('7.841.271-2', 'Ines Mattielli', 'imattielli5@whitehouse.gov'),
 ('11.062.511-1', 'Skippy Goldberg', 'sgoldberg6@webmd.com'),
 ('12.687.816-8', 'Burnard Spender', 'bspender7@aol.com'),
 ('17.603.416-5', 'Putnem Cunney', 'pcunney8@samsung.com'),
 ('11.764.727-7', 'Madelaine Wimbridge', 'mwimbridge9@storify.com'),
 ('15.188.062-2', 'Anatollo Joyce', 'ajoycea@icq.com'),
 ('9.956.983-2', 'Dyanne Cluely', 'dcluelyb@yahoo.com'),
 ('7.170.175-1', 'Minda McVaugh', 'mmcvaughc@reverbnation.com'),
 ('10.640.669-3', 'Bess Dunbobbin', 'bdunbobbind@friendfeed.com'),
 ('14.628.408-6', 'Brittani Kalinovich', 'bkalinoviche@tinyurl.com'),
 ('11.613.200-1', 'Thomasa Marl', 'tmarlf@mail.ru'),
 ('11.352.554-1', 'Hillary Claughton', 'hclaughtong@weather.com'),
 ('16.637.040-K', 'Kingston Heiss', 'kheissh@vistaprint.com'),
 ('7.912.734-5', 'Addy Reeves', 'areevesi@sohu.com'),
 ('8.837.400-2', 'Travis Daintrey', 'tdaintreyj@g.co'),
 ('16.928.139-4', 'Magnum Kiefer', 'mkieferk@ycombinator.com'),
 ('11.516.842-8', 'Noellyn Liveing', 'nliveingl@skype.com'),
 ('7.152.008-0', 'Esme Deeming', 'edeemingm@is.gd'),
 ('17.968.743-7', 'Annetta Beagles', 'abeaglesn@businessweek.com');


insert into curso values 
(1, 'primero', 'basico', '10.949.139-K'),
(2, 'segundo', 'basico', '14.050.966-3'),
(3, 'tercero', 'basico', '15.626.946-8'),
(4, 'cuarto', 'basico', '16.099.703-6');


insert into asignatura values
(1, 'lenguaje',1,'10.949.139-K'),
(2, 'matematica',1,'14.050.966-3'),
(3, 'ciencias naturales',1,'15.626.946-8'),
(4, 'historia y geografia',1,'16.099.703-6'),
(5, 'ed. fisica', 1,'15.720.336-3'),
(6, 'artes visuales', 1, '7.841.271-2'),
(7, 'artes musicales', 1, '11.062.511-1'),
(8, 'tecnologia', 1, '12.687.816-8'),
(9, 'ingles', 1, '17.603.416-5'),
(10, 'lenguaje', 2, '10.949.139-K'),
(11, 'matematica', 2, '14.050.966-3'),
(12, 'ciencias naturales', 2, '15.626.946-8'),
(13, 'historia y geografia', 2, '16.099.703-6'),
(14, 'ed. fisica', 2, '15.720.336-3'),
(15, 'artes visuales', 2, '7.841.271-2'),
(16, 'artes musicales', 2, '11.062.511-1'),
(17, 'tecnologia', 2, '12.687.816-8'),
(18, 'ingles', 2, '17.603.416-5'),
(19, 'lenguaje', 3, '11.764.727-7'),
(20, 'matematica', 3, '15.188.062-2'),
(21, 'ciencias naturales', 3, '9.956.983-2'),
(22, 'historia y geografia', 3, '7.170.175-1'),
(23, 'ed. fisica', 3, '10.640.669-3'),
(24, 'artes visuales', 3, '14.628.408-6'),
(25, 'artes musicales', 3, '11.613.200-1'),
(26, 'tecnologia', 3, '11.352.554-1'),
(27, 'ingles', 3, '16.637.040-K'),
(28, 'lenguaje', 4, '11.764.727-7'),
(29, 'matematica', 4, '15.188.062-2'),
(30, 'ciencias naturales', 4, '9.956.983-2'),
(31, 'historia y geografia', 4, '7.170.175-1'),
(32, 'ed. fisica', 4, '10.640.669-3'),
(33, 'artes visuales', 4, '14.628.408-6'),
(34, 'artes musicales', 4, '11.613.200-1'),
(35, 'tecnologia', 4, '11.352.554-1'),
(36, 'ingles', 4, '16.637.040-K');


insert into alumno values 
('35.914.473-5', 'Fairlie Battershall', 'fbattershall0@businessweek.com', '10.432.865-2',1),
('75.411.651-8', 'Marvin Mulliner', 'mmulliner1@t-online.de', '13.839.680-0',1),
('61.774.126.1', 'Gerri Giovannoni', 'ggiovannoni2@squidoo.com', '14.995.764-2',1),
('39.153.279-1', 'Fabian Paolinelli', 'fpaolinelli3@quantcast.com','13.201.738-7',1),
('85.273.416-6', 'Banky Blance', 'bblance4@smugmug.com', '14.446.561-K',1),
('91.413.402-5', 'Sansone Clutton', 'sclutton5@fda.gov', '13.862.398-K',1),
('51.134.381-7', 'Lucho Heinig', 'lheinig6@nytimes.com', '12.373.282-0',1),
('24.690.254-2', 'Reg Leftbridge', 'rleftbridge7@dell.com', '11.167.735-2',1),
('24.989.889-9', 'Jewell Inworth', 'jinworth8@theglobeandmail.com','14.527.543-1',1),
('39.950.891-0', 'Tait Eastway', 'teastway9@purevolume.com', '13.427.068-3',1),
('86.365.488-2', 'Fiann Pachmann', 'fpachmanna@statcounter.com', '10.615.577-1',1),
('24.779.059-4', 'Job MacCardle', 'jmaccardleb@symantec.com', '11.621.348-6',1),
('87.261.427-1', 'Debbi Linford', 'dlinfordc@telegraph.co.uk', '13.311.371-1',1),
('82.176.506-6', 'Hamel Campany', 'hcampanyd@bbc.co.uk', '13.756.507-2',1),
('55.517.742-3', 'Alexei Khrishtafovich', 'akhrishtafoviche@google.cn', '11.158.779-5',1),
('24.892.431-4', 'Eli Langton', 'elangtonf@sfgate.com', '13.868.776-7',1),
('21.819.679-4', 'Delly Wanklyn', 'dwanklyng@phpbb.com', '15.552.161-9',1),
('24.259.350-2', 'Brandy Stenyng', 'bstenyngh@themeforest.net', '12.328.984-6',1),
('77.248.582-2', 'Shaw Playfoot', 'splayfooti@mayoclinic.com', '11.334.697-3',1),
('24.099.626-K', 'Vernon Munton', 'vmuntonj@vk.com', '10.289.246-1',1),
('50.980.150-6', 'Lois Lief', 'lliefk@furl.net', '13.991.465-1',1),
('70.688.779-3', 'Vivyan Daintier', 'vdaintierl@phoca.cz', '14.866.076-K',1),
('62.113.262-4', 'Chrisse Stiegers', 'cstiegersm@cornell.edu', '11.806.952-8',1),
('41.928.161-3', 'Shamus Legate', 'slegaten@ustream.tv', '12.711.569-9',1),
('61.483.106-4', 'Jobye Havard', 'jhavardo@theglobeandmail.com', '13.144.924-0',1),
('58.114.569-3', 'Timofei Patrickson', 'tpatricksonp@163.com', '13.322.535-8',2),
('54.211.953-0', 'Montgomery Petrovsky', 'mpetrovskyq@123-reg.co.uk', '11.261.518-0',2),
('93.094.003-4', 'Valentine Baum', 'vbaumr@huffingtonpost.com', '14.675.509-7',2),
('88.656.509-9', 'Gertie Tabor', 'gtabors@mapquest.com', '15.495.973-4',2),
('66.938.971-4', 'Fredi O'' Bee', 'fot@mozilla.com', '13.797.361-8',2),
('36.103.653-4', 'Tabbie Fellman', 'tfellmanu@sourceforge.net', '10.817.831-0',2),
('21.228.399-5', 'Jayson MacEvilly', 'jmacevillyv@toplist.cz', '10.589.557-7',2),
('36.398.469-5', 'Jobina Hardinge', 'jhardingew@yellowpages.com', '11.302.932-3',2),
('34.559.780-5', 'Lory Kelwick', 'lkelwickx@typepad.com', '13.121.457-K',2),
('24.911.458-5', 'Beltran Mulvagh', 'bmulvaghy@4shared.com', '11.750.756-4',2),
('46.185.461-0', 'Tedi Cubbon', 'tcubbonz@tamu.edu', '14.004.677-9',2),
('78.451.831-9', 'Magnum Olyonov', 'molyonov10@hatena.ne.jp', '14.290.557-4',2),
('24.248.078-3', 'Reamonn Errichiello', 'rerrichiello11@networkadvertising.org', '13.430.033-7',2),
('28.880.234-9', 'Staffard Matczak', 'smatczak12@shareasale.com', '11.060.797-0',2),
('52.488.091-6', 'Anastasia Banaszewski', 'abanaszewski13@sbwire.com', '11.506.242-5',2),
('31.573.448-8', 'Jemie Dovidian', 'jdovidian14@mtv.com', '13.613.157-5',2),
('82.899.334-9', 'Robina Dinsmore', 'rdinsmore15@csmonitor.com', '11.758.486-0',2),
('99.610.033-8', 'Giffard Bosward', 'gbosward16@gravatar.com', '11.170.247-0',2),
('29.390.850-3', 'Dannie Restorick', 'drestorick17@wix.com', '13.336.542-7',2),
('78.247.507-1', 'Rochelle Barras', 'rbarras18@oaic.gov.au', '12.298.313-7',2),
('24.460.518-4', 'Koo Klageman', 'kklageman19@ca.gov', '13.636.732-3',2),
('89.512.580-3', 'Malissa Belmont', 'mbelmont1a@nationalgeographic.com', '14.064.229-0',2),
('56.006.437-0', 'Tiffani Slimm', 'tslimm1b@ca.gov', '14.875.455-1',2),
('62.071.201-0', 'Wainwright Grisedale', 'wgrisedale1c@bandcamp.com', '13.241.197-2',2),
('23.015.624-8', 'Pall Tailby', 'ptailby1d@bloglovin.com', '15.296.724-1',2),
('87.977.902-6', 'Yvette Coupland', 'ycoupland1e@cdbaby.com', '12.134.889-6',3),
('24.254.067-0', 'Angela Anstee', 'aanstee1f@techcrunch.com', '14.437.917-9',3),
('28.233.008-1', 'Cherlyn Holywell', 'cholywell1g@netlog.com', '13.299.476-5',3),
('29.448.839-0', 'Myrah Laye', 'mlaye1h@lycos.com', '10.870.339-3',3),
('39.620.494-9', 'Eddie Vanyukhin', 'evanyukhin1i@youku.com', '11.697.141-0',3),
('76.050.072-0', 'Vyky Weavers', 'vweavers1j@list-manage.com', '12.627.691-5',3),
('39.649.355-9', 'Ailee Sterzaker', 'asterzaker1k@comsenz.com', '10.492.024-8',3),
('45.490.602-9', 'Manya Blackhall', 'mblackhall1l@cornell.edu', '12.539.013-7',3),
('96.103.985-8', 'Omero Phonix', 'ophonix1m@sakura.ne.jp', '14.239.924-5',3),
('39.697.035-7', 'Heindrick Wallbutton', 'hwallbutton1n@opensource.org', '10.469.191-9',3),
('24.786.789-3', 'Jorgan Caps', 'jcaps1o@ifeng.com', '12.576.207-7',3),
('45.687.737-8', 'Elfreda Scartifield', 'escartifield1p@ed.gov', '15.372.911-5',3),
('24.469.025-4', 'Ynez Metschke', 'ymetschke1q@weebly.com', '13.007.123-6',3),
('62.822.285-5', 'Parker Stainson', 'pstainson1r@dedecms.com', '14.515.821-4',3),
('68.576.722-5', 'Cleo MacAndrew', 'cmacandrew1s@mlb.com', '12.676.089-2',3),
('24.629.482-8', 'Tristam Riehm', 'triehm1t@yellowbook.com', '14.196.535-2',3),
('58.556.733-7', 'Leora Beale', 'lbeale1u@ucsd.edu', '15.628.960-4',3),
('24.310.439-4', 'Rab Stonall', 'rstonall1v@dmoz.org', '10.131.180-5',3),
('24.074.092-3', 'Vida Campling', 'vcampling1w@joomla.org', '13.103.994-8',3),
('24.504.771-1', 'Ely Please', 'eplease1x@ehow.com', '14.933.780-6',3),
('93.954.970-5', 'Barbey Sneezum', 'bsneezum1y@tiny.cc', '11.469.532-7',3),
('24.358.567-8', 'Hercule Sturgeon', 'hsturgeon1z@sfgate.com', '12.067.714-4',3),
('44.575.172-2', 'Cash Flory', 'cflory20@samsung.com', '10.786.333-8',3),
('35.370.784-1', 'Brandtr Roback', 'broback21@alibaba.com', '12.717.500-4',3),
('47.343.772-4', 'Mechelle Ziemke', 'mziemke22@ucsd.edu', '13.940.835-7',3),
('64.804.416-5', 'Ethe Hirjak', 'ehirjak23@sakura.ne.jp', '13.023.765-7',4),
('24.809.196-7', 'Hedwig Crosier', 'hcrosier24@goo.ne.jp', '13.814.148-9',4),
('24.229.809-8', 'Farley Strange', 'fstrange25@zimbio.com', '10.469.564-7',4),
('88.756.717-6', 'Gibby Sylvaine', 'gsylvaine26@nytimes.com', '11.649.969-K',4),
('99.999.358-8', 'Victoir Moorman', 'vmoorman27@prlog.org', '10.005.537-6',4),
('87.768.335-1', 'Norri Craufurd', 'ncraufurd28@wisc.edu', '11.350.461-7',4),
('71.871.051-7', 'Ximenez Kaaskooper', 'xkaaskooper29@fema.gov', '13.679.504-K',4),
('84.337.069-1', 'Mahalia Cripps', 'mcripps2a@foxnews.com', '10.691.105-3',4),
('70.375.898-1', 'Jacqueline Andreassen', 'jandreassen2b@ihg.com', '15.577.291-3',4),
('40.243.054-3', 'Skyler Whightman', 'swhightman2c@tripod.com', '15.112.771-1',4),
('77.972.388-6', 'Clemmy Wraighte', 'cwraighte2d@bloomberg.com', '12.651.393-3',4),
('55.452.198-1', 'Anestassia Idle', 'aidle2e@facebook.com', '12.252.088-9',4),
('74.686.695-6', 'Maud Mitford', 'mmitford2f@salon.com', '14.218.666-7',4),
('24.998.139-7', 'Randal Daughtry', 'rdaughtry2g@nydailynews.com', '10.536.778-3',4),
('43.669.600-8', 'Ermin Manneville', 'emanneville2h@constantcontact.com', '14.190.446-9',4),
('30.305.161-9', 'Pedro Staley', 'pstaley2i@youtu.be', '12.344.788-3',4),
('24.317.941-6', 'Benni Soule', 'bsoule2j@comsenz.com', '11.449.463-1',4),
('86.310.855-2', 'Lyman Bickerstaff', 'lbickerstaff2k@paypal.com', '13.610.416-0',4),
('32.314.624-4', 'Norene Goldfinch', 'ngoldfinch2l@admin.ch', '13.101.074-5',4),
('72.347.253-6', 'Manda Hardington', 'mhardington2m@gmpg.org', '13.492.710-0',4),
('71.886.316-5', 'Paige Mingay', 'pmingay2n@bloglines.com', '13.512.498-2',4),
('24.773.564-K', 'Sherm Maharg', 'smaharg2o@facebook.com', '10.012.199-9',4),
('39.523.625-7', 'Haleigh Membry', 'hmembry2p@auda.org.au', '14.400.269-5',4),
('40.955.037-0', 'Amberly Bimrose', 'abimrose2q@sakura.ne.jp', '15.782.773-1',4),
('76.657.001-2', 'Damien Knifton', 'dknifton2r@ibm.com', '14.842.818-2',4);